,sum_sq,df,F,PR(>F)
C(variable),7191570.198235739,10.0,25.65739429992521,1.8195847431207985e-48
Residual,202258927.5584402,7216.0,,
