,sum_sq,df,F,PR(>F)
Intercept,79629422.60166666,1.0,3123.60592995,0.0
C(Name),35663746.19895602,12.0,116.5811638,0.0
Residual,203559909.19938627,7985.0,,
